Id,Sentimen,Komentar
1,Positif,Yah semoga dan semoga. Baru pertama kali nyoba soalnya
2,Positif,BISMILLAAHH JUMAT BERKAH!! COBA KASIH â€œâ¤ï¸â€ BUAT SOBAT PRAKERJA YANG MAU REJEKINYA DI GELOMBANG 54ğŸ˜†
3,Positif,MIMIN DOAKAN AGAR BISA LOLOS YA DI GELOMBANG 54 INI AMIN ğŸ™ğŸ™ğŸ™
4,Netral,Klo mau beli pelatihannya bagusnya dimana yah ? Ada yang rekomendasi gak ?
5,Netral,"Min, yg lagi kuliah bisa ikut prakerja?"
6,Negatif,Sekarang prakerja cuma cair sekali 600 ribu aja ğŸ˜ dulu dpt 600 ribunya 4x ğŸ˜
7,Negatif,Ogah Oga ogahh duit ga seberapa pusingnya 7 kelilingğŸ˜‚
8,Negatif,Insentifnya balikin kaya awal dong 4x dapetnya
9,Netral,Min pencairan yang estimasi 2 juni cair gak niih
10,Netral,"Min mau tanya apa bener sekarang prakerja trun nya sekali doang trus pelatihan nya langsung di kantor pusat ,klo dlu kan cuma lewat hp ajj"
11,Negatif,Gak lolos terus miiiinnnn aahhhh ğŸ˜¢ğŸ˜¢
12,Positif,Semoga yg lolos bisa bersabar krna ujian sebenarnya baru akan dimulai udh kyk nyari jarum di tengah samudra ribetnya
13,Positif,"Yeay udah daftar, siap lolosss hehe"
14,Positif,semoga bee lolos dah soalnya sering bngt daftar suka galolos karena duplikat apa gtu wkwk
15,Negatif,Dari awal gel 1 sampai gel 54 saya belum lolos lolos kenapa ya min @vokraf @prakerja.go.id
16,Negatif,"Pelatihan ada yg agustus , jngan2 gelombang ini nyampe akhir tahun pelatihannya wkwk"
17,Negatif,Ada yg tau ga ya knp udh coba 10x tp ga pernah lolos. Salah nya dimana gt?
18,Netral,Mau beli pelatihan tapi banyak yang gak ada jadwalnya
19,Positif,Mudah2an lolos
20,Negatif,Kenpa tidak ada pencarian min .hari ini .. Padah sudah di proses dari tgl 31
21,Negatif,Kalo nik nya terdaftar di kementrian pendidikan ngga bisa yah min?
22,Positif,"Bismillah, semoga jumat ini bawa berkah buat semuanya. Yuk yang mau lolos kita aminkan sama-samağŸ¤²ğŸ»"
23,Negatif,"Program prakerja sekarang hanya menguntungkan oknum sebelah ya.. pedahal setelah ditengok pelatihan nya monoton materi yg disampaikan standar ajah, cari di google jga bisa. Karena program ini dibutuhkan oleh masyarakat yg butuh ilmu dan bantuan uang nya ..jadi sebaiknya di bagi rata ajah, misalkan dana yg didapat 4.2 harap dipertimbangkan kebijakan nya 1.2 untuk penerima dan 1.2 untuk lembaga kursus @prakerja.go.id haturnuhun"
24,Netral,Jadi maksudnya min...cukup satu kali gabung gelombang...gelombang berikutnya...tidak perlu lagi ya min..mohon penjelasannya min
25,Positif,Sudah 5 kali gagal dan semoga kali ini lolos
26,Negatif,Kenapa gelombang nya yang saya tidak bisa gabung ğŸ˜ª
27,Positif,Semoga yang belum lolos bisa lolos di gelombang ini yaa ğŸ™Œ aamiin ğŸ‘
28,Netral,Kalo udah selesai pelatihan nih terus saldo masih ada mau nambah pelatihan. Nah itu ada jangka waktu juga ga kalo udah lulus 1 pelatihan mau lanjut ke pelatihan lain
29,Netral,Kalo Lupa password email gimana ya caranya
30,Negatif,Sekarang malas gabung intensifnya cuman 1x pelatihannya bikin puyeng ğŸ™ˆğŸ™ˆ
31,Netral,Pengumun lolos tidak nya g mna
32,Negatif,"Sekedar saran sih Min, sebelum gelombangnya dibuka terus, alangkah baiknya kuota pelatihannya ditambah dahulu, dari pengalaman saya lolosnya aja sudah susah ditambah nyari pelatihannya lebih susah, karena pelatihan rata-rata kuotanya sudah penuh hingga berbulan-bulan ke depan"
33,Negatif,"Aku gelombang 53 tp ga bisa2 beli kelas, masa penuh semua ğŸ˜Œ kalo gini gimana min? Apa lgsg ikut gelombang berikutnya aja?"
34,Positif,Semoga lolos gelombang sekarang ğŸ¤²ğŸ™
35,Negatif,Apakah normal sudah 20 kali gabung gelombang tapi gagal terus? Gw sampek mau nyerah..ini sistem seleksix gimana sih jjr ga paham..padahal di kk gw baru gw yang ikut..gw juga lagi ga skolah..bingung sumpah..@prakerja.go.id @vokraf
36,Positif,Lah masih ada ternyata prakerja
37,Negatif,Benerkah cuma dapat 600 ribu?
38,Negatif,Ga lolos eyy ğŸ¤’
39,Positif,Semangat guys cobain terus aku ikut dari awal tahun 2021 baru lolos kemarin ğŸ˜‚ cobain terus aja sapa tau giliran kamu yang hoki wkwkwk
40,Negatif,Yang tidak dinyatakan lolos bagusnya sih cantumkan knp tidak lolos supaya kita tidak capek mendaftar
41,Negatif,Menunggu gelombang ditutup..ğŸ˜‚
42,Negatif,Gimana sih min tiap daftar kartu prakerja. Kata website nya alamat tempat tinggal tidak sesuai KTP dan disdukcapil. Gimana sih? Padahal menurut petugas nya betul kok. Kenapa sih min website nya selalu begitu? Padahal saya butuh sekali pelatihan kartu prakerja ini. ğŸ˜¢ğŸ˜¢
43,Negatif,Bagi mantan penerima Subsidi upah yang sudah tidak bekerja lagi apakah masih bisa ikut diterima program prakerja? @prakerja.go.id
44,Netral,Udah ke 54 aja mas @ibnfz_
45,Netral,Min klo ktp nya daerah jawa bukan dki bisa g ya min ?? @prakerja.go.id
46,Netral,Klo kita udah diterima langsung beli pelatihan bukan? Cara nya gimana ya
47,Netral,Daftar trosss lolos kagak
48,Netral,@o_o1zhee nah beb
49,Positif,"Bismillah, semoga lolos di tahap 54 ini ya Sob! â˜ºï¸"
50,Negatif,Smga lolos yg sekarang 8 kali daftar GK pernah lolos ğŸ˜¢
51,Negatif,"Susah banget saya upload foto 2 MB nya, tutor dong"
52,Negatif,"Saldo elit, beli pelatihan sulit, hmmmm."
53,Netral,"Min mau daftarkan Ade tapi kok bacaannya NIK terdapat di Kementerian Pendidikan, itu maksudnya gimana"
54,Positif,Gelombang 47 hadir ğŸ˜‚
55,Positif,"Bismillah, semoga bisa lolos butuh banget pelatihan buat saya yang pengangguran"
56,Netral,Min kalo KTP nya udah pernah terdaftar itu gimana ya? Soalnya dulu gagal karena pernah dapat bantuan BPJS ketenagakerjaan
57,Positif,Yang Paling semangat Komen. LEMBAGA PELATIHAN ğŸ˜‚ğŸ˜‚. WKWKWKWK
58,Negatif,"Penutupan kapan ya, dikasih jadwal pembukaan doang, ntar tiba-tiba udah ditutup aja"
59,Negatif,"Penutupan kapan ya, dikasih jadwal pembukaan doang, ntar tiba-tiba udah ditutup aja"
60,Negatif,Gw jadwalnya tgl 1 cair tp sampe sekarang belum cair-cair ya ğŸ˜‚
61,Negatif,"Semoga lolos yallah, berkali-kali daftar namun tak lolos"
62,Netral,"Min saya sudah ikut gabung 2x gagal terus, apa pengaruh rumah saya yang jauh ada di kampung pedesaan ya min"
63,Negatif,"Kenapa ya min, saya belum pernah dapat tapi NIK sudah terdaftar"
64,Positif,SEMANGATT buat Sobat Prakerja semua! Riska doain semoga kamu bisa lolos di Gelombang 54 ini yaaa!
65,Negatif,"Ga bisa masuk, tulisannya gini terus: Email hanya boleh menggunakan karakter (a-z), nomor (0-9), dan simbol (. dan @)"
66,Netral,@kopi_hidengarut sudah dibuka lagi tuh de @ojiyogi
67,Positif,Alumni gelombang 47 tersenyum melihat ini
68,Negatif,Di dasboard saya kok belum ada pembukaan gelombang baru
69,Netral,Apakah seminar harus zoom?
70,Negatif,Serius sekarang cuma cair 600rb 1x aja? Masih pakai vermuk ga?
71,Positif,Bismillah lolos
72,Negatif,Ga minat min... ğŸ˜‚ğŸ˜‚
73,Positif,Bismillah semoga lolos â¤ï¸ğŸ¤² lagi butuh banget ğŸ¥¹
74,Netral,Kalau sudah pernah daftar dulu pas covid bisa ikut lagi ga?
75,Negatif,"Ga bisa gabung gelombang, tulisannya ""Menunggu gelombang ditutup"", itu gimana ya?"
76,Netral,@natt.afrln_
77,Netral,"@rizkitirt.a udah buka itu GK, nyobak kau"
78,Negatif,"Pengalaman saya carilah pelatihan yang sesuai dengan kemampuan anda. Karena pas unjuk tugas PTM, otakmu bisa error mikirin tugasnya..."
79,Netral,"@rivanaazkiya, gek ndang daftar"
80,Negatif,"Pas masuk link prakerja, gelombang belum dibuka padahal di sini katanya sudah dibuka"
81,Netral,Yang melolah sakit kepala ğŸ˜‚ğŸ˜‚ğŸ˜‚ @lydiariskyy
82,Netral,"Ibu penerima bansos, bapak saya boleh ikut program ini?"
83,Netral,@erly_ria_wulandari
84,Netral,Gass @rrenaldy__ ğŸ˜‚
85,Netral,@andin.taaa
86,Negatif,"Hahahaha, program tidak jelas..."
87,Positif,Bismillah semoga lolos di gel 54. Dari gelombang 1 belum lolos juga :)
88,Negatif,@vokraf emang dapat insentifnya cuma 1 kali aja ya 600 ribu? Bukan 4 kali?
89,Negatif,"Gw nanya gak pernah dijawab jir, kalau misal pelatihan online diwakilkan boleh gak? Alasan, karena yang ikut Prakerja udah berangkat haji"
90,Negatif,"Di dashboard saya gelombang belum ditemukan, padahal infonya sudah dibuka, mohon penjelasannya"
91,Netral,@summeriill @deamailidya
92,Netral,@ramonn66_
93,Netral,@adityaputraw2
94,Netral,@darmahndi_ @diazvrgi
95,Netral,@mfthlhaq
96,Netral,Yang ikutan terus lolos pasti bingung. ğŸ˜‚
97,Netral,Apa Rika milu yu @srinur_hasanah
98,Netral,@happyever4fter__ segera klik
99,Netral,@putrii_anggina
100,Positif,"Sayaaa udah daftar, semoga lulus aminnn"
101,Positif,Semoga kali ini lolos ya min ğŸ¤²ğŸ¤²ğŸ¤²
102,Positif,Bismillah lolos
103,Negatif,"Udah lulus tapi NIK masih terdaftar di Kemdikbud, itu gimana?"
104,Negatif,"Bismillah dapet punya mamah, punyaku masih terdeteksi perguruan tinggi padahal udah lulus sedih ğŸ˜¢"
105,Netral,@fariedabimanyu0
106,Positif,Bismillah ibu saya ikut ğŸ¤²
107,Negatif,"Banyak yang ga lolos, mungkin APBN-nya udah menipis"
108,Netral,@nikinengsisimbolon @len_lennii @melpiym @marthalimbong0 @triasiringoringo @_04cindy
109,Netral,@pmelati340
110,Negatif,AKU SIH NO.
111,Negatif,Ini setelah pendaftaran diterima memang disuruh nunggu sampai gelombangnya ditutup ya min? Atau ada step lain yang harus dilakukan?
112,Positif,Kan ku daftar sampe gelombang 10001 ğŸ”¥ğŸ‘ bismillah
113,Netral,@sheva_ardiansah33 gabungo
114,Positif,Semoga kali ini lolos
115,Positif,"Bismillah.. Wish me luck, semoga gelombang sekarang bisa approve ğŸ¤²ğŸ˜"
116,Netral,"Udah klik gelombang, trus gimana lagi ka"
117,Positif,Ikut terus dong pastinya ğŸ˜
118,Negatif,Minimal 2 ya min dari satu kartu keluarga????
119,Negatif,"Kalau NIK masih terdaftar di Kemendikbud, apakah harus nunggu ijazah keluar dulu baru status NIKnya ganti?"
120,Negatif,"@vokraf dari dulu gak bisa upload KTP terus, gatau kenapa ğŸ¥´"
121,Negatif,"Udah 10 klik gabung, gak pernah lewat ğŸ˜“"
122,Negatif,UDAH 18 GELOMBANG BELUM LOLOS JUGA ğŸ”¥
123,Netral,@netaandrian melu o
124,Negatif,"Masih terdaftar di pendidikan pokok/pendidikan tinggi terus padahal mah lulus sekolah udah, kuliah kagaaa"
125,Netral,"Kalau mau daftar lagi tapi pakai KTP sama dan kakak berbeda, bisa gak min?"
126,Netral,@suryadwiii_
127,Positif,Semoga lolos ğŸ¤²ğŸ¤²
128,Netral,@suryadwiii_
129,Positif,Semoga lolos ğŸ¤²ğŸ¤²
130,Positif,"@yunita_s.n_ ... Pengen daftar ulang lagi boleh kok, adek ğŸ˜â¤ï¸â¤ï¸ Gaaaaaassss kaaannnn?ğŸ¤ğŸ˜€"
131,Positif,Alhamdulillah pendaftaran saya diterima
132,Positif,Semoga lolos gelombang 54 ğŸ’ª
133,Positif,Bismillah semoga diterima
134,Positif,Mudah-mudahan lolos penantian panjang ğŸ˜¢
135,Positif,Mudah-mudahan lolos aminnnnnn
136,Netral,Anjayyy
137,Positif,â¤ï¸
138,Positif,Bismillah semoga lolos ğŸ¤²ğŸ™
139,Positif,Mudah-mudahan ğŸ¤²
140,Positif,Soga lolos
141,Positif,â¤ï¸
142,Negatif,"Nasib pencairan terakhir yang bulan Desember 2022 bagaimana ya, min? ğŸ¥²"
143,Negatif,Nih aja belum cair cair ğŸ˜¢
144,Netral,@syilvia_almaika
145,Netral,@patra.io
146,Negatif,Sekarang udah gak pernah gabung lagi males jadinya heheh
147,Netral,@triharrr_
148,Positif,@_ikeparapak @medi_lolo13 @novianty_parapean @pngkhy_rosie Ayokkk gessssss!!!!!!ğŸ™Œ
149,Netral,Dah mashk
150,Negatif,"1,5 juta x jumlah peserta, mending buka LPK daripada jadi peserta ğŸ˜‚ğŸ˜‚"
151,Netral,@fitriyahainunnisa
152,Negatif,Gagal terus min dari gelombang 4
153,Negatif,"Tolong jadwal pelatihan yang gak terlalu jauh biar kita inget, lolos bulan 5 pelatihan bulan 7-8, kalau kita lupa hangus deh ğŸ˜¢ğŸ˜¢"
154,Positif,Bismillah
155,Negatif,Bodo amat
156,Negatif,Ga seasik dulu
157,Positif,Bismillahirrahmanirrahim semoga atas nama SAJARONi dan Puji Lestari dari Lampung berhasil lolos Ya Allah Ya Mujibassailiin ğŸ¤²
158,Positif,Terus coba lagi sampai ada rezekinya ğŸ¤²
159,Netral,@mrs.akarin
160,Netral,Kapan nih Prakerja skema lama diterapkan kembali?
161,Netral,Kok masih ada yang berharap lolos gelombang ini ğŸ˜‚
162,Positif,"Semoga di hari Jum'at yang baik ini menjadi berkah untuk semua, terutama yang mendaftar Kartu Prakerja ğŸ˜ğŸ™Œ"
163,Netral,Muka yang berminyak
164,Positif,Bismillah
165,Positif,@rachma7198 cobalah mendaftar dan ikuti petunjuknya
166,Negatif,Gila
167,Negatif,Yahh sepi
168,Negatif,Kenapa saya tidak bisa ikut pak
169,Netral,@indrianipsa @indrayti
170,Positif,Padahal dulu komentar Prakerja ribuan
171,Netral,@defanaufal_
172,Negatif,Oh percuma mengikuti kelas pada bulan Juli-Agustus
173,Netral,@rianafaulia07
174,Positif,Semangat buat teman-teman yang masih berjuang di setiap gelombang ğŸ‘ğŸ‘... Ingat banget dulu mulai ikutan daftar dari gelombang 7 akhirnya lolos di gelombang 11 ğŸ”¥ğŸ”¥
175,Netral,@renandstillart47
176,Negatif,"Prakerja bangkrut, guys"
177,Negatif,Tolong jangan dipersulit lagi ğŸ˜¢
178,Negatif,Saya lolos gelombang 53 tapi belum membeli dan belum menemukan pelatihan untuk pendidikan terakhir SD
179,Netral,@yani.frozen
180,Positif,Bismillah lolos ğŸ˜
181,Positif,Daftar @mhmmd.nrlakbar
182,Negatif,"Pusing, uang nggak seberapa. Yang didapat pusing. Prakerja sekarang susah. Kalau nggak ngerti mending nggak usah daftar"
183,Negatif,Bukannya senang malah setres
184,Netral,@dian_apriyadid @dndxay00
185,Negatif,"Skema normal membuat tidak normal ğŸ˜‚ Cobain aja, yang gak percaya."
186,Positif,"@massrizal28 daftar saja, ong ğŸ˜‚ğŸ˜‚ğŸ˜‚"
187,Negatif,Cape min ğŸ˜¢
188,Negatif,"Min mau tanya, kenapa saat log in OTP-nya tidak pernah masuk ke email saya?"
189,Positif,Bismillah lolos
190,Netral,"Wes yang melu, meluo siap-siap ngumet ğŸ˜‚ğŸ˜‚ğŸ˜‚"
191,Negatif,Ini serius hanya dapat 600 doang?
192,Positif,Bismillah lolos
193,Positif,Setiap Jumat 2 minggu sekali ada gelombangnya. Salam alumni Prakerja â¤ï¸
194,Negatif,Pelatihannya kok pada kosong
195,Negatif,"Gagal terus, jadi males mendaftarnya ğŸ˜‚ğŸ˜‚"
196,Positif,Semoga tembus
197,Negatif,"Saya salah memilih. Ketika saya menjadi anggota BUMD saya memilih ya. Padahal saya bukan anggota BUMD. Jadi saat ini saya tidak bisa bergabung ke gelombang 54. Apakah bisa diperbaiki masalah tersebut? Tolong jawab, min"
198,Negatif,Enaknya tahun 2022 wkwkw @zuriyandi 10 akun
199,Negatif,Dari gelombang ke-8 sampai sekarang tidak lolos â˜ºğŸ˜Œ .. Mungkin belum rezeki
200,Negatif,Gak lolos terus dah ğŸ˜¢
201,Netral,"Tambahkan lagi penerima dalam 1 KK minimal 3 orang, jangan 2 orang lagi"
202,Negatif,Tidak bisa bergabung ğŸ˜¢
203,Positif,"Bismillah, pelatihan webinar dihapus Amin..amin..amin.."
204,Negatif,"Tidak bisa daftar, gagal terus min"
205,Negatif,Tidak bisa daftar karena kesalahan nama ibu ğŸ˜‚ dan tidak bisa di-reset lagi
206,Positif,"Semangat, dapat uang 600k"
207,Positif,"Jumat berkah, semoga kali ini lolos, bismillah"
208,Netral,"Astaga, sudah gelombang 54 saja.. aku dulu daftar di gelombang 3 atau 4 gitu, lupa ğŸ˜‚ sudah lama juga ternyata ğŸ˜‚"
209,Negatif,"Gagal terus, sudah tidak bersemangat lagi. Percuma juga ikut gabung"
210,Negatif,"Udah berharap lebih, eh yang didapat cuma 600 doang. Konyol sih Prakerja tahun ini"
211,Positif,Bismillah lolos
212,Negatif,"Masih tidak lolos, min"
213,Positif,"@fitriida_12, daftar lagi, bestie ğŸ¤­"
214,Negatif,"Gesit amat buka, belum juga beli pelatihan pertama karena kelas kosong semua. Sudah buka saja ğŸ˜¢"
215,Negatif,"Berapa kali lu suruh gw foto KTP ulang, dasar bikin repot @prakerja.go.id"
216,Negatif,Tidak lulus terus dari gelombang 20 juga ğŸ˜‚ğŸ˜‚
217,Netral,ğŸ˜‚
218,Positif,Rajin ya admin @vokraf
219,Netral,@adprntooo @jnuari_tnus @wahyukrisetya_
220,Netral,Gabung gelombang
221,Negatif,Buka sendiri ...mkn sendiri
222,Netral,"Klo tes online tdk lulus bisa daftar lagi ga dan gimana cara daftar nya biar lulus dpt kartu pra kerja gitu, yg tau mohon ksih penjelasan ya"
223,Negatif,"Ada yang tau knapa nama ibu kandung gabisa dimasukin ya? Karena memang posisi di KK ibu kandung saya kan udah gaada, jd gmana ya solusinya?"
224,Positif,Alhamdulillah. Gelombang II ke 52 lolos pas lagi hangus hiks karna tadinya sibukğŸ˜¢
225,Negatif,Percuma buka klo trus dftar gak pernah loloss ğŸ˜¢
226,Netral,@rahmasari.iii
227,Negatif,Pelatihan nya sedikit . Pusing udah lolos ga kebeli pelatihan
228,Netral,@arintaliasari94
229,Negatif,"Asli pusing sekali daftar prakerja tes online nya byk bnget,, sampe kpla pusing"
230,Positif,â¤ï¸â¤ï¸
231,Netral,@jiii.as
232,Negatif,"Pelatihan nya kok makin menggila min, lulus nya kapan, ikut kelasnya kapan"
233,Netral,@renipinky
234,Netral,@djodyreksanda dah bukaan nih bng
235,Netral,@pinkyhrnda.e
236,Positif,"Semoga yang belum Lulus, Lulus di Gelombang 54 ini ğŸ”¥"
237,Negatif,"Lokasi belum diizinkan, lokasi mana lagi yg mau diaktifkanğŸ˜¤ğŸ˜¤@prakerja.go.id"
238,Negatif,Dari gelombang 1-53 belum lolosğŸ¤£ğŸ¤£
239,Negatif,Bismillahirrahmanirrahim semoga di gelombang 54 lolosğŸ™Œ dari gelombang 12 sampai 54 belom pernah lolosğŸ˜¢ğŸ˜¢ğŸ˜¢
240,Netral,Sebenarnya siapa sih yang lolos ini?
241,Negatif,GELOMBANG ğŸŒŠ TSUNAMI MINN ??
242,Positif,Semoga lolos amiin
243,Negatif,Aihh malas aku ğŸ¤£ğŸ¤£ğŸ¤£
244,Netral,Pelatihan di kerjakan orang bisa ga?
245,Negatif,Knpa saya gk bisa ikut glombang ya
246,Negatif,ini yg ke 54kali saya gabung kalo masih ggal emg keterlaluan...setiap ada pembukan gelombang ada notifikasi di email....di suruh gabung tpi ujung2 nye zonk
247,Positif,"Alumni gelombang 7,wkwk"
248,Negatif,Tolong lah lembaga kursus nya di ACC... Kelas habis.. ğŸ˜¢
249,Netral,Info pembelian pelatihan dong penuh semua
250,Positif,Done...
251,Positif,"Dari gelombang 48 sampai 53 .. semoga gelombang 54 lolos ,ğŸ¤²ğŸ¤²ğŸ¤²"
252,Positif,"Coba lagi semoga lolos dah kali ini,, ikut dr gelombang 51"
253,Negatif,Aku dri 1 smpe skrg blm llus2ğŸ˜¢
254,Positif,Udah 3 kali gagal moga aja yg ini lolos
255,Netral,ada jln alternatif gak cara beli pelatihan
256,Netral,Setiap daftr pasti alamt email sudah terdftr
257,Positif,"Alumni gelombang 5, kaget bet udh gelombang 54, semangat yg blom dapet"
258,Netral,@siskia_azhari
259,Negatif,Itu testnya gak diulang lagi ya kak?
260,Netral,Klen ngapai ngundi nasib disini
261,Positif,Alumni gelombang 32 ğŸ˜‚
262,Negatif,Tetangga saya banyak yang lolos ...tap di biarin aja samapai hngus ğŸ˜‚ habis beli pelatihan nya susah ..udah gitu waktu nya gak mendukung banget ...
263,Positif,Cb dong
264,Negatif,Wkwkwkw cuma berhenti di dukcapil. Data ktp tidak sesuai. Aneh bgt ğŸ¤£ğŸ¤£
265,Netral,Daftar @apriliansry
266,Negatif,"Sudah lolos tapi tinggal nunggu pelatihan kerjanya,tapi apalah daya notifikasi pelatihan kerjanya tak ada jadwal kepastian"
267,Negatif,Tumben sepiğŸ˜‚
268,Negatif,Setelah tau susahnya nyari kelas ...akhirnya males mau daftar..mana lg btuh kuota buat webinar..dh ga minat..mksh
269,Negatif,Gagal mulu padahal sy blm bkrja.. Blm nikah.. Malah d sebut penerima bansos aneh...
270,Negatif,Saya kok gabisa gabung yah
271,Negatif,Lelah. Gk pernah lolos
272,Netral,Gabung
273,Netral,Kalau sudah dapat di gelombang 7 apakah bisa dapat lagi di gelombang sekarang
274,Netral,"Min kalo dulu 2021 udh pernah dapet 1 kali, coba kedua kali bisa ndak min"
275,Negatif,udah lolos malah di biarkan ? karna gak ngerti cara nya. kalau belajar cara nya mending gue belajar yg lian ğŸ˜‚ğŸ˜‚ğŸ˜‚ğŸ˜‚
276,Positif,mudah an lolos di glombang skrng
277,Netral,@virgoomhs_ @sidiqpurwantoo @mhmdnizar07
278,Netral,PELATIHANNYA KAYAK DULU DONG..BIAR PUN INSENTIFNYA 1X DOANG
279,Netral,Min kalo sudah diterima tinggal.nunggu apa lagi min.. berarti lolos apa belum
280,Negatif,Prakerja. Klo salah masukin ktp gmana kok gak bsa diganti
281,Netral,@itsmetaroo__
282,Negatif,Saya gak bisa ganti nomer HP
283,Negatif,Bodoamatlah
284,Netral,pengumuman yg lolos kapan ya min
285,Positif,ğŸ”¥ğŸ”¥ğŸ”¥
286,Negatif,Apakah loloz =hangus sekarang minğŸ˜‚
287,Netral,Hm
288,Negatif,mau ikut glombang tapi nik masih terdaftar di kementrian pendidikan blom diperbarui
289,Negatif,Prakerja sepiiğŸ¤£
290,Negatif,min mnding d ubah pelatihan nya jgn trlalu d persulit
291,Negatif,"GAK BISA UPLOAD FOTONYA NIH, KATANYA FORMAT TIDAK DIDUKUNG, TAPI PAS SAYA CEK FORMATNYA UDAH BENER KOK"
292,Negatif,Sy udh 10 x gagal malahğŸ˜‚
293,Positif,Pertama daftar....mudahan2 lolos...amin...amin...amin...
294,Negatif,Gw ga pernah lolosğŸ˜¢
295,Negatif,Buka 3 hr bkn min
296,Positif,Semoga yg ke3 lolos
297,Netral,Cara ganti no hp yang terdaftar gimana? Soalnya dah mati
298,Negatif,Gaa lolos terus
299,Positif,Semoga di gel 54 bisa lolosğŸ”¥
300,Netral,@alifiakholifah_ Ndang gabung
301,Positif,Alhamdulillah gelombang 53 kemarin lolos setelah menunggu 3 tahunğŸ¤­
302,Negatif,Lmyn nyerah akibat gagal trs dr gelombang awalğŸ˜Œngg tau salah d mana
303,Negatif,Parah prakerja saya dari gelombang 12 belum pernah lolos..yg bener dong admin nya
304,Positif,Semoga saya Lolo yaallah aminnnğŸ¥¹
305,Positif,Mudah mudahan lolos Minggu jngn smpe gagal lagi...
306,Negatif,"Kelas SD dulu banyakin baru buka gelombang, kelas pelatihan penuh koq maen buka2/ajağŸ˜‚"
307,Negatif,"Aku Uda klik gabungğŸ¤­,,pasti gagal lagiğŸ¤­ğŸ¤­"
308,Negatif,Bodo amat ah
309,Positif,Bismilah semoga lolos
310,Negatif,Program dari presiden pro rakyat dirubah oleh kebijakan oligarki
311,Netral,Ikut trs walau gx lolos trs
312,Negatif,Capek capek daftar ujung ujungnya gak pernah dapat ya sama aja
313,Netral,@sasajoliee
314,Positif,"dr gel 1 sampe 17 ane gagal , dr 17 k 53 udah ga kpikiran , skrg coba gabung gel 54 bismillah.."
315,Positif,@ummahamimah betul kaka
316,Positif,Gua yang lolos gel 52 aja blum mulai kelasnya ini mlah udh naik aja gelombang nya ğŸ˜‚
317,Negatif,udah 9x ikut gagal maning. cb ikut lg yg gelombg 54 sapa tau genep jd 10x gagalğŸ‘
318,Negatif,Udh daftarin adeku blm masuk2 udh 3 kali gagal ..
319,Negatif,"cari kelas ny lama bener waktu nya min,1 bulan baru pelatihan kan stress itu nama nya gak masuk di logika"
320,Netral,@titinsartk_
321,Negatif,Dari gelombang pertama sampe gelombang 54 gak pernah lolos ğŸ˜… punya masalah pribadi kaya nya nii
322,Negatif,"Cape anj, gelombang 1 - 100 ga lolos ğŸ˜‚"
323,Negatif,Apa gak jelas
324,Positif,â¤ï¸
325,Negatif,"Yg cair sekarang lembaga pelatihannya, dlu harga kelas paling 400-700 aja, skrng 1.5 pling murahğŸ˜‚ğŸ˜‚"
326,Negatif,Parah
327,Negatif,Sama sekali gak worth itu
328,Netral,Cara dftar nya gmana kak?
329,Negatif,ku adu lagi yg ke 18 kalinya denibudhi11@yahoo.com tandai
330,Negatif,Survei evaluasi kok koneksi bermasalah terus min?
331,Negatif,"Dapet cuma 600rb 1x, pantengin hp webinar 5 HARI BERTURUT-TURUT! Sekali webinar 2-3 jam! ğŸ˜‚ğŸ˜‚ğŸ˜‚"
332,Negatif,Daftrnya susah bangeet
333,Negatif,Udah buka lagi aja min? Aku lulus gelombang 53 dapet slot webinar akhir Agustus ğŸ˜¢
334,Negatif,Kenapa lulusan SD susah banget lolosnya kakğŸ¤£ğŸ¤£
335,Negatif,Mulai dari gel 8 sampai 53 zonk terus untuk lulusan SDğŸ¤£ğŸ¤£
336,Netral,@rioazzani
337,Netral,Kelas sd dan smp
338,Netral,Kelas sd dan smp
339,Negatif,sekarang pelatihan cepat penuh ya sulit .. lama lama goshong akunnku
340,Negatif,beli pelatihannya susah bgtğŸ˜©ğŸ˜©ğŸ˜©
341,Negatif,"Saya sudah lulus SMA dan ga sedang kuliah di kedinasan juga ga jadi ikut tes, tapi kanapaa nik saya masih terdaftar di kemendikbud ya kak?"
342,Negatif,Udah gabung 6x gak lolos trus min ğŸ˜¢ bismillahirrahmanirrahim semoga lolos gelombang 54
343,Negatif,Obral aja Min biar laku
344,Negatif,ğŸ˜¢ğŸ˜¢ğŸ˜¢ğŸ˜¢gagall terus
345,Negatif,Mulai gelombang 10 sampai gelombang ini gak pernah lolos njirr
346,Negatif,"Aku juga gak ngerti gimana caranya, maen gabung2 aja maklum baru daftar ğŸ˜‚ğŸ˜‚ğŸ˜‚"
347,Negatif,"Mangkin susah prakerja sekarang,harus ikut zoom,kami selaku yg tidak ada waktu untuk ikut zoom merasa kecewa sama prakerja sekarang,dan merasah di persulit"
348,Negatif,Gagal login terysss
349,Negatif,"Ngga pernah lolos ni min, sampe males mau ikutan lagi pasti ujungnya juga ngga lolos"
350,Negatif,"Tahun depan prakerja udah ga ada krna ganti pemerintahan,saldo nya masih lumayan,kalau nominal nya Kya yg sebelum nya kasian pegawai prakerja pesangon nya dikit,sampe sini pahamğŸ˜…ğŸ˜†ğŸ¤£"
351,Netral,@tarminbaker
352,Netral,@ikadmk98
353,Netral,@syifanr.5
354,Positif,Makasih
355,Negatif,"sekarang makin sulit, duit dapat nya jadi 600k"
356,Negatif,Ga pernah dapat udah 20x lebih daftar ikutan
357,Netral,"enggak juga kalau bikin pusing, namanya juga belajar,,,,,"
358,Netral,@vokraf gimana kabar 27 mei
359,Netral,@yankharieogani
360,Netral,ğŸ˜®
361,Negatif,Untuk NTB sudah ditiadakan ğŸ™ƒ
362,Negatif,Ada gak sih yang dari gelombang 1-53 gak lolos
363,Negatif,Daftar dari gelombang 20 gak pernah lolos emng belum rezeki
364,Negatif,"Min, info dong cara sambung rekening, punya kawan ku udah coba sambung semua tapi gak bisa juga, kata nya nama gak sesuai rekening sama akun prakerja ğŸ˜¢ udah dia email k email rekening tujuan tapi gak ada tanggapan"
365,Netral,@kelvinantonius04
366,Negatif,baru kali ini daftar subsidi yang ga tepat sasara PADA BANGGA. bangsa TERKUTUK
367,Negatif,"Admin didashboard saya tertulis gelombang tidak di temukan padahal sesuai info gelombang baru (54) sudah di buka, apa masalahnya?"
368,Negatif,Semoga dapat untuk kakak ipar udah 3x gagal terus
369,Negatif,saya 3x gelombang tdk masuk.. semoga gelombang ini masuk.
370,Negatif,"Dana prakerja dibesarin agar bisa ngambil pelatihan bnyak,ilmunya mkin bertambah tapi kenyataan dilapangan kenapa lembga cuma nyediaiin sedikit itupun jdwalnya sangat jauh dan pelatihannya ituitu aja gaada yg baru? Akhirnya dana angus, ilmupun gadapat ! @prakerja.go.id tolong benahi lagi, masukan masyarakat di dengar @airlanggahartarto_official"
371,Negatif,Kasih yang bener2 butuh min hadeh..gagal mulu
372,Negatif,info pelatihan Pndidikan Min. SD sdh hbs apa akn ada lgi
373,Netral,Up di tiktok biar keliatan pak @jokowi
374,Negatif,"FYI, yg mahasiswa jangan harap dapet wkw"
375,Negatif,Lolos = hangus
376,Positif,Sudah klik gabung min. Bismillah semoga bisa lolos aamiinğŸ˜
377,Netral,Buat disabilitas tuna rungu bisa gak y min
378,Negatif,Ga mau
379,Netral,Bismillah
380,Netral,@agnessintya_
381,Negatif,Saya gelombang 51 tak dapat apaÂ²ğŸ™ğŸ™ğŸ™
382,Negatif,Gk minat
383,Netral,@frida_malia
384,Negatif,"Mantengin zoom 3jam hp overheat, kalo sampe rusak minta ganti bisa ga tuh ?"
385,Negatif,4 TAHUN IKUTI PRAKERJA TIDAK PERNAH LOLOS. YANG LAIN DUA KALI IKUTI LANGSUNG LOLOS.
386,Negatif,Memang fuck
387,Netral,Yg udah keterima langsung beli pelatihan gak ?
388,Negatif,Namanya indonesia semua bisa di mainkan
389,Negatif,Hampir 4 tahun ikuto tidak pernah lolos fuck prakerja
390,Positif,Semoga lolos di gelombang sekarang
391,Positif,Gabung gelombang
392,Netral,Iseng2 brhadiah
393,Negatif,Dari awal sampe sekarang gagal terosssss
394,Positif,Siap gabung gelombang mudah mudah n jangan lolos
395,Positif,Semoga lolos
396,Netral,Tiap gabung gelombang kenapa selalu foto ktp dan unggah wajah terus ya ?
397,Netral,@isnaininurtia
398,Netral,"Kapan ditutupnya min,lg nunggu ditutup nih"
399,Netral,Udah daftar udah bergabung ko belom ada pemberitahuan informasi lulus apa ngak nya
400,Positif,Gabung
401,Negatif,Banyak ga tepat sasaran. Duit ny cair kebanyakan buat foya blanja n jln
402,Netral,ğŸ‘i
403,Positif,Udah daftar semoga Jumat berkah
404,Negatif,"Gimana ya saya kan sudah lulus sekolah tetapi NIK saya masih terdaftar di Kementrian pendidikan, jadi saya gak bisa masuk gelombang"
405,Positif,semoga lolos
406,Positif,@syalfan_
407,Positif,semoga lolosğŸ”¥
408,Negatif,Mbohhhh
409,Negatif,Belum pernah lolos dari gelombang 12 sampe sekarang
410,Netral,Kalo beli pelatihan itu 1 dulu terus nunggu kelasnya selesai baru beli pelatihan lainnya. Atau langsung beli 2 pelatihan sekaligus bisa ? Gak usah nunggu kelas yg pertama selesai. Mohon jawabannya teman2
411,Positif,Percobaan kedua ini semoga saya bisa lolos..
412,Positif,yang belum lolos semngt. kalau beli pelatihan buat yang lolos mending beli di #rumahsiapkerja materi nya mudah d pahami
413,Negatif,GK pernah Lolos juga
414,Negatif,cape gak pernah lolossğŸ˜¢ğŸ˜¢ğŸ˜¢ğŸ˜¢ğŸ˜¢
415,Negatif,Min aku sudah daftar ko pas mau di buka lagi Imel nya salah Mulu ya
416,Netral,Abis lolos kita ngapain
417,Netral,Akal2an saja
418,Netral,@dcxx.w buka we nang
419,Negatif,sedih banget mau beli pelatihan tp banyak yg jadwal pelatihannya belum tersedia trs gimana mau ngembangin skill kalo pelatihannya aja terbatas gini
420,Netral,Pelatihan buat sd smp dongggg
421,Negatif,Udah dari gelombang 48 males gabung percuma 17X Gagal.
422,Netral,Wkwk
423,Negatif,Bubarain peroram ini jadi ladang korupis
424,Negatif,"Balik LG GK bisa masukin ft KTP, padahal SDH ikutan dr gelombang 2"
425,Negatif,NYERAH!!!!!
426,Positif,Mudahan lulus
427,Netral,Ni carenye gimana
428,Positif,Alhamdulillah lolos
429,Negatif,"Bang kalo akun yang di blockir karna ga ikut pelatihan itu ga bisa di unblock kah, gaada notif soalnya pas dapat"
430,Positif,Bismillah ya allah semoga kali ini bisa lulus aamiin
431,Positif,Semngat ikut lagi hehe ğŸ˜
432,Negatif,Min maaf kenapa akun istri saya tidak bisa akses daftar Prakerja alasannya ktp tidak elektrik. Padahal fisik dan sudah dicoba di dukcapil sesuai elektrik. Sampe saya bingung harus bagaimana y?
433,Negatif,ğŸ‘ğŸ‘ğŸ‘ğŸ‘ğŸ‘ğŸ‘ğŸ‘
434,Negatif,malessss
435,Negatif,kok yg jadwal pencairannya tgl 2 sampe sekarang belum di tf yah? ada yg sama ngga?
436,Negatif,Dari gelombang 21 sampe sekarang sudah gelombang 54 gk pernah lolos min
437,Netral,Info loker min
438,Netral,"Saya mau tanya min, kenapa setiap masuk harus unggah ktp terus?"
439,Negatif,"Aneh bgt sumpah 600 cuman 1x dibikin susah nya minta ampun rebutan kelas udah kaya flas sale lah dulu 600 4x dapet cuman nonton Vidio besok selesai sertifikat keluar cair besok nya, sungguh miris nasib tahun sekarang wkwkwk"
440,Negatif,"Kalau boleh si pelatihannya ga terbatas di program yg di sediakan, krn kadang lebih butuh sertifikat yg sesuai kompetensi yg diinginkan dan pelatihannya gada disana :("
441,Negatif,Mending ia lolos semua ini udh ga lolos cair cuman 1xğŸ˜‚
442,Positif,Alumni gelombang 13 heheww ğŸ‘
443,Netral,Harus slalu verif foto ktp ya?
444,Negatif,Min kalau Pelatihan sudah di ambil..apa boleh tukar model pelatihan Tanggal nya nggk ğŸ˜¢. Soal ke input Bulan nya 2 bln jauh Agustus
445,Netral,Emang masih ada yang minat??ğŸ˜‚
446,Positif,"Sudah daftar smoga ketrima,Aamiin"
447,Positif,"Harusnya dengan skema normal gini 1 KK jangan dibatasi, misal 1 keluarga pengen ikut belajar semua gimana dongg.."
448,Netral,Soalnya klo dlu semi bansos
449,Negatif,Prakerja bakal d ttup secara perlahan makannya d buat ribett
450,Negatif,Saya dari gelombang 1 sampe 54 gak dapet
451,Positif,Enakan dulu sistem nyağŸ˜‚
452,Positif,"Ada alumni gelombang 5 nggak disini ya, cair 600rb 4x dan 50rb 3x ğŸ˜"
453,Negatif,Bodo amatt
454,Negatif,"Syarat Pelatihan nya kok kebanyakan harus memiliki PC laptop/komputer ya, yg ga punya gimanağŸ˜¢"
455,Negatif,Kapok ikutan ngga pernah bisa lolos
456,Negatif,"Untung gw dah lolos taun lalu ğŸ˜‚ğŸ˜‚ğŸ˜‚ dlu 600k 4X dtmbah survey total 150rb, nah skrng kok 600K 1X,ğŸ˜‚ğŸ˜‚ğŸ˜‚"
457,Negatif,Gak pernah lolos males
458,Negatif,Gk enakk dlu awal2 prakerja 600rb sebanyak 4x